[{"model": "contenttypes.contenttype", "pk": 1, "fields": {"app_label": "admin", "model": "logentry"}}, {"model": "contenttypes.contenttype", "pk": 2, "fields": {"app_label": "auth", "model": "permission"}}, {"model": "contenttypes.contenttype", "pk": 3, "fields": {"app_label": "auth", "model": "group"}}, {"model": "contenttypes.contenttype", "pk": 4, "fields": {"app_label": "auth", "model": "user"}}, {"model": "contenttypes.contenttype", "pk": 5, "fields": {"app_label": "contenttypes", "model": "contenttype"}}, {"model": "contenttypes.contenttype", "pk": 6, "fields": {"app_label": "sessions", "model": "session"}}, {"model": "contenttypes.contenttype", "pk": 7, "fields": {"app_label": "guardian", "model": "userobjectpermission"}}, {"model": "contenttypes.contenttype", "pk": 8, "fields": {"app_label": "guardian", "model": "groupobjectpermission"}}, {"model": "contenttypes.contenttype", "pk": 9, "fields": {"app_label": "establishments", "model": "establishment"}}, {"model": "contenttypes.contenttype", "pk": 10, "fields": {"app_label": "courses", "model": "course"}}, {"model": "contenttypes.contenttype", "pk": 11, "fields": {"app_label": "enrollments", "model": "enrollment"}}, {"model": "contenttypes.contenttype", "pk": 12, "fields": {"app_label": "assignments", "model": "assignment"}}, {"model": "contenttypes.contenttype", "pk": 13, "fields": {"app_label": "groups", "model": "group"}}, {"model": "contenttypes.contenttype", "pk": 14, "fields": {"app_label": "submission_files", "model": "submissionfile"}}, {"model": "contenttypes.contenttype", "pk": 15, "fields": {"app_label": "professors", "model": "professor"}}, {"model": "contenttypes.contenttype", "pk": 16, "fields": {"app_label": "students", "model": "student"}}, {"model": "contenttypes.contenttype", "pk": 17, "fields": {"app_label": "assistants", "model": "assistant"}}, {"model": "contenttypes.contenttype", "pk": 18, "fields": {"app_label": "announcements", "model": "announcement"}}, {"model": "establishments.establishment", "pk": 1, "fields": {"name": "UVG", "location": "Guatemala"}}, {"model": "courses.course", "pk": 1, "fields": {"establishment": 1, "name": "Web", "professor": 1, "section": 10, "year": 2020, "cicle": 1}}, {"model": "courses.course", "pk": 2, "fields": {"establishment": 1, "name": "Bases de Datos", "professor": 1, "section": 10, "year": 2020, "cicle": 1}}, {"model": "courses.course", "pk": 3, "fields": {"establishment": 1, "name": "Ingenier\u00eda de Software", "professor": 1, "section": 10, "year": 2020, "cicle": 1}}, {"model": "enrollments.enrollment", "pk": 1, "fields": {"course": 1, "student": 1, "date": "2020-06-03"}}, {"model": "assignments.assignment", "pk": 1, "fields": {"title": "Web Assignment", "description": "This is a Web assignment.", "score": 0.0, "creation_date": "04:15:53.734", "deadline": "2020-06-05", "assignment_file": "", "course": 1, "student": 1}}, {"model": "assignments.assignment", "pk": 2, "fields": {"title": "Web Proyect", "description": "This is the Web proyect!", "score": 0.0, "creation_date": "04:17:43.235", "deadline": "2020-06-05", "assignment_file": "", "course": 1, "student": 1}}, {"model": "groups.group", "pk": 1, "fields": {"name": "Web Group", "course": 1, "students": [1]}}, {"model": "announcements.announcement", "pk": 1, "fields": {"title": "Web Announcement", "body": "This is a Web announcement", "course": 1}}, {"model": "auth.permission", "pk": 1, "fields": {"name": "Can add log entry", "content_type": 1, "codename": "add_logentry"}}, {"model": "auth.permission", "pk": 2, "fields": {"name": "Can change log entry", "content_type": 1, "codename": "change_logentry"}}, {"model": "auth.permission", "pk": 3, "fields": {"name": "Can delete log entry", "content_type": 1, "codename": "delete_logentry"}}, {"model": "auth.permission", "pk": 4, "fields": {"name": "Can view log entry", "content_type": 1, "codename": "view_logentry"}}, {"model": "auth.permission", "pk": 5, "fields": {"name": "Can add permission", "content_type": 2, "codename": "add_permission"}}, {"model": "auth.permission", "pk": 6, "fields": {"name": "Can change permission", "content_type": 2, "codename": "change_permission"}}, {"model": "auth.permission", "pk": 7, "fields": {"name": "Can delete permission", "content_type": 2, "codename": "delete_permission"}}, {"model": "auth.permission", "pk": 8, "fields": {"name": "Can view permission", "content_type": 2, "codename": "view_permission"}}, {"model": "auth.permission", "pk": 9, "fields": {"name": "Can add group", "content_type": 3, "codename": "add_group"}}, {"model": "auth.permission", "pk": 10, "fields": {"name": "Can change group", "content_type": 3, "codename": "change_group"}}, {"model": "auth.permission", "pk": 11, "fields": {"name": "Can delete group", "content_type": 3, "codename": "delete_group"}}, {"model": "auth.permission", "pk": 12, "fields": {"name": "Can view group", "content_type": 3, "codename": "view_group"}}, {"model": "auth.permission", "pk": 13, "fields": {"name": "Can add user", "content_type": 4, "codename": "add_user"}}, {"model": "auth.permission", "pk": 14, "fields": {"name": "Can change user", "content_type": 4, "codename": "change_user"}}, {"model": "auth.permission", "pk": 15, "fields": {"name": "Can delete user", "content_type": 4, "codename": "delete_user"}}, {"model": "auth.permission", "pk": 16, "fields": {"name": "Can view user", "content_type": 4, "codename": "view_user"}}, {"model": "auth.permission", "pk": 17, "fields": {"name": "Can add content type", "content_type": 5, "codename": "add_contenttype"}}, {"model": "auth.permission", "pk": 18, "fields": {"name": "Can change content type", "content_type": 5, "codename": "change_contenttype"}}, {"model": "auth.permission", "pk": 19, "fields": {"name": "Can delete content type", "content_type": 5, "codename": "delete_contenttype"}}, {"model": "auth.permission", "pk": 20, "fields": {"name": "Can view content type", "content_type": 5, "codename": "view_contenttype"}}, {"model": "auth.permission", "pk": 21, "fields": {"name": "Can add session", "content_type": 6, "codename": "add_session"}}, {"model": "auth.permission", "pk": 22, "fields": {"name": "Can change session", "content_type": 6, "codename": "change_session"}}, {"model": "auth.permission", "pk": 23, "fields": {"name": "Can delete session", "content_type": 6, "codename": "delete_session"}}, {"model": "auth.permission", "pk": 24, "fields": {"name": "Can view session", "content_type": 6, "codename": "view_session"}}, {"model": "auth.permission", "pk": 25, "fields": {"name": "Can add user object permission", "content_type": 7, "codename": "add_userobjectpermission"}}, {"model": "auth.permission", "pk": 26, "fields": {"name": "Can change user object permission", "content_type": 7, "codename": "change_userobjectpermission"}}, {"model": "auth.permission", "pk": 27, "fields": {"name": "Can delete user object permission", "content_type": 7, "codename": "delete_userobjectpermission"}}, {"model": "auth.permission", "pk": 28, "fields": {"name": "Can view user object permission", "content_type": 7, "codename": "view_userobjectpermission"}}, {"model": "auth.permission", "pk": 29, "fields": {"name": "Can add group object permission", "content_type": 8, "codename": "add_groupobjectpermission"}}, {"model": "auth.permission", "pk": 30, "fields": {"name": "Can change group object permission", "content_type": 8, "codename": "change_groupobjectpermission"}}, {"model": "auth.permission", "pk": 31, "fields": {"name": "Can delete group object permission", "content_type": 8, "codename": "delete_groupobjectpermission"}}, {"model": "auth.permission", "pk": 32, "fields": {"name": "Can view group object permission", "content_type": 8, "codename": "view_groupobjectpermission"}}, {"model": "auth.permission", "pk": 33, "fields": {"name": "Can add establishment", "content_type": 9, "codename": "add_establishment"}}, {"model": "auth.permission", "pk": 34, "fields": {"name": "Can change establishment", "content_type": 9, "codename": "change_establishment"}}, {"model": "auth.permission", "pk": 35, "fields": {"name": "Can delete establishment", "content_type": 9, "codename": "delete_establishment"}}, {"model": "auth.permission", "pk": 36, "fields": {"name": "Can view establishment", "content_type": 9, "codename": "view_establishment"}}, {"model": "auth.permission", "pk": 37, "fields": {"name": "Can add course", "content_type": 10, "codename": "add_course"}}, {"model": "auth.permission", "pk": 38, "fields": {"name": "Can change course", "content_type": 10, "codename": "change_course"}}, {"model": "auth.permission", "pk": 39, "fields": {"name": "Can delete course", "content_type": 10, "codename": "delete_course"}}, {"model": "auth.permission", "pk": 40, "fields": {"name": "Can view course", "content_type": 10, "codename": "view_course"}}, {"model": "auth.permission", "pk": 41, "fields": {"name": "Can add enrollment", "content_type": 11, "codename": "add_enrollment"}}, {"model": "auth.permission", "pk": 42, "fields": {"name": "Can change enrollment", "content_type": 11, "codename": "change_enrollment"}}, {"model": "auth.permission", "pk": 43, "fields": {"name": "Can delete enrollment", "content_type": 11, "codename": "delete_enrollment"}}, {"model": "auth.permission", "pk": 44, "fields": {"name": "Can view enrollment", "content_type": 11, "codename": "view_enrollment"}}, {"model": "auth.permission", "pk": 45, "fields": {"name": "Can add assignment", "content_type": 12, "codename": "add_assignment"}}, {"model": "auth.permission", "pk": 46, "fields": {"name": "Can change assignment", "content_type": 12, "codename": "change_assignment"}}, {"model": "auth.permission", "pk": 47, "fields": {"name": "Can delete assignment", "content_type": 12, "codename": "delete_assignment"}}, {"model": "auth.permission", "pk": 48, "fields": {"name": "Can view assignment", "content_type": 12, "codename": "view_assignment"}}, {"model": "auth.permission", "pk": 49, "fields": {"name": "Can add group", "content_type": 13, "codename": "add_group"}}, {"model": "auth.permission", "pk": 50, "fields": {"name": "Can change group", "content_type": 13, "codename": "change_group"}}, {"model": "auth.permission", "pk": 51, "fields": {"name": "Can delete group", "content_type": 13, "codename": "delete_group"}}, {"model": "auth.permission", "pk": 52, "fields": {"name": "Can view group", "content_type": 13, "codename": "view_group"}}, {"model": "auth.permission", "pk": 53, "fields": {"name": "Can add submission file", "content_type": 14, "codename": "add_submissionfile"}}, {"model": "auth.permission", "pk": 54, "fields": {"name": "Can change submission file", "content_type": 14, "codename": "change_submissionfile"}}, {"model": "auth.permission", "pk": 55, "fields": {"name": "Can delete submission file", "content_type": 14, "codename": "delete_submissionfile"}}, {"model": "auth.permission", "pk": 56, "fields": {"name": "Can view submission file", "content_type": 14, "codename": "view_submissionfile"}}, {"model": "auth.permission", "pk": 57, "fields": {"name": "Can add professor", "content_type": 15, "codename": "add_professor"}}, {"model": "auth.permission", "pk": 58, "fields": {"name": "Can change professor", "content_type": 15, "codename": "change_professor"}}, {"model": "auth.permission", "pk": 59, "fields": {"name": "Can delete professor", "content_type": 15, "codename": "delete_professor"}}, {"model": "auth.permission", "pk": 60, "fields": {"name": "Can view professor", "content_type": 15, "codename": "view_professor"}}, {"model": "auth.permission", "pk": 61, "fields": {"name": "Can add student", "content_type": 16, "codename": "add_student"}}, {"model": "auth.permission", "pk": 62, "fields": {"name": "Can change student", "content_type": 16, "codename": "change_student"}}, {"model": "auth.permission", "pk": 63, "fields": {"name": "Can delete student", "content_type": 16, "codename": "delete_student"}}, {"model": "auth.permission", "pk": 64, "fields": {"name": "Can view student", "content_type": 16, "codename": "view_student"}}, {"model": "auth.permission", "pk": 65, "fields": {"name": "Can add assistant", "content_type": 17, "codename": "add_assistant"}}, {"model": "auth.permission", "pk": 66, "fields": {"name": "Can change assistant", "content_type": 17, "codename": "change_assistant"}}, {"model": "auth.permission", "pk": 67, "fields": {"name": "Can delete assistant", "content_type": 17, "codename": "delete_assistant"}}, {"model": "auth.permission", "pk": 68, "fields": {"name": "Can view assistant", "content_type": 17, "codename": "view_assistant"}}, {"model": "auth.permission", "pk": 69, "fields": {"name": "Check if is assistant", "content_type": 17, "codename": "is_assistant"}}, {"model": "auth.permission", "pk": 70, "fields": {"name": "Can add announcement", "content_type": 18, "codename": "add_announcement"}}, {"model": "auth.permission", "pk": 71, "fields": {"name": "Can change announcement", "content_type": 18, "codename": "change_announcement"}}, {"model": "auth.permission", "pk": 72, "fields": {"name": "Can delete announcement", "content_type": 18, "codename": "delete_announcement"}}, {"model": "auth.permission", "pk": 73, "fields": {"name": "Can view announcement", "content_type": 18, "codename": "view_announcement"}}, {"model": "auth.user", "pk": 1, "fields": {"password": "!LiwWCTZ1wHVM4QoMajbu7ufJ1nN0U1Zhjh2WgRpQ", "last_login": null, "is_superuser": false, "username": "AnonymousUser", "first_name": "", "last_name": "", "email": "", "is_staff": false, "is_active": true, "date_joined": "2020-06-03T03:45:31.773Z", "groups": [], "user_permissions": []}}, {"model": "auth.user", "pk": 2, "fields": {"password": "pbkdf2_sha256$180000$1TvvbUbtAXhz$rBNII3R/eMNc+EB59Kx39weqyaXy5sdr4aJGDqvou+Q=", "last_login": null, "is_superuser": false, "username": "student", "first_name": "", "last_name": "", "email": "student@user.com", "is_staff": false, "is_active": true, "date_joined": "2020-06-03T03:46:06.005Z", "groups": [], "user_permissions": []}}, {"model": "auth.user", "pk": 3, "fields": {"password": "pbkdf2_sha256$180000$vXNNSHToup6q$O2BgNnkeVKzFNRWRIz2T6NUrTxuXh8KkR+sMGjA0hPI=", "last_login": null, "is_superuser": false, "username": "professor", "first_name": "", "last_name": "", "email": "professor@user.com", "is_staff": false, "is_active": true, "date_joined": "2020-06-03T03:46:19.107Z", "groups": [], "user_permissions": []}}, {"model": "auth.user", "pk": 4, "fields": {"password": "pbkdf2_sha256$180000$FWUDHLttNzra$Gg0FrRSC61yoTIGOTr0zG8ywyPRkSggHV4THtZJzpms=", "last_login": null, "is_superuser": false, "username": "assistant", "first_name": "", "last_name": "", "email": "assistant@user.com", "is_staff": false, "is_active": true, "date_joined": "2020-06-03T03:46:28.537Z", "groups": [], "user_permissions": []}}, {"model": "guardian.userobjectpermission", "pk": 1, "fields": {"permission": 62, "content_type": 16, "object_pk": "1", "user": 2}}, {"model": "guardian.userobjectpermission", "pk": 2, "fields": {"permission": 64, "content_type": 16, "object_pk": "1", "user": 2}}, {"model": "guardian.userobjectpermission", "pk": 3, "fields": {"permission": 58, "content_type": 15, "object_pk": "1", "user": 3}}, {"model": "guardian.userobjectpermission", "pk": 4, "fields": {"permission": 60, "content_type": 15, "object_pk": "1", "user": 3}}, {"model": "guardian.userobjectpermission", "pk": 5, "fields": {"permission": 66, "content_type": 17, "object_pk": "1", "user": 4}}, {"model": "guardian.userobjectpermission", "pk": 6, "fields": {"permission": 68, "content_type": 17, "object_pk": "1", "user": 4}}, {"model": "guardian.userobjectpermission", "pk": 7, "fields": {"permission": 34, "content_type": 9, "object_pk": "1", "user": 1}}, {"model": "guardian.userobjectpermission", "pk": 8, "fields": {"permission": 38, "content_type": 10, "object_pk": "1", "user": 3}}, {"model": "guardian.userobjectpermission", "pk": 9, "fields": {"permission": 40, "content_type": 10, "object_pk": "1", "user": 3}}, {"model": "guardian.userobjectpermission", "pk": 10, "fields": {"permission": 38, "content_type": 10, "object_pk": "2", "user": 3}}, {"model": "guardian.userobjectpermission", "pk": 11, "fields": {"permission": 40, "content_type": 10, "object_pk": "2", "user": 3}}, {"model": "guardian.userobjectpermission", "pk": 12, "fields": {"permission": 38, "content_type": 10, "object_pk": "3", "user": 3}}, {"model": "guardian.userobjectpermission", "pk": 13, "fields": {"permission": 40, "content_type": 10, "object_pk": "3", "user": 3}}, {"model": "guardian.userobjectpermission", "pk": 14, "fields": {"permission": 40, "content_type": 10, "object_pk": "1", "user": 4}}, {"model": "guardian.userobjectpermission", "pk": 15, "fields": {"permission": 40, "content_type": 10, "object_pk": "1", "user": 2}}, {"model": "guardian.userobjectpermission", "pk": 16, "fields": {"permission": 52, "content_type": 13, "object_pk": "1", "user": 4}}, {"model": "guardian.userobjectpermission", "pk": 17, "fields": {"permission": 50, "content_type": 13, "object_pk": "1", "user": 4}}, {"model": "guardian.userobjectpermission", "pk": 18, "fields": {"permission": 50, "content_type": 13, "object_pk": "1", "user": 3}}, {"model": "guardian.userobjectpermission", "pk": 19, "fields": {"permission": 51, "content_type": 13, "object_pk": "1", "user": 3}}, {"model": "guardian.userobjectpermission", "pk": 20, "fields": {"permission": 52, "content_type": 13, "object_pk": "1", "user": 3}}, {"model": "guardian.userobjectpermission", "pk": 21, "fields": {"permission": 73, "content_type": 18, "object_pk": "1", "user": 3}}, {"model": "guardian.userobjectpermission", "pk": 22, "fields": {"permission": 71, "content_type": 18, "object_pk": "1", "user": 3}}, {"model": "guardian.userobjectpermission", "pk": 23, "fields": {"permission": 72, "content_type": 18, "object_pk": "1", "user": 3}}, {"model": "guardian.userobjectpermission", "pk": 24, "fields": {"permission": 73, "content_type": 18, "object_pk": "1", "user": 4}}, {"model": "guardian.userobjectpermission", "pk": 25, "fields": {"permission": 71, "content_type": 18, "object_pk": "1", "user": 4}}, {"model": "guardian.userobjectpermission", "pk": 26, "fields": {"permission": 73, "content_type": 18, "object_pk": "1", "user": 2}}, {"model": "guardian.userobjectpermission", "pk": 27, "fields": {"permission": 46, "content_type": 12, "object_pk": "1", "user": 2}}, {"model": "guardian.userobjectpermission", "pk": 28, "fields": {"permission": 48, "content_type": 12, "object_pk": "1", "user": 2}}, {"model": "guardian.userobjectpermission", "pk": 29, "fields": {"permission": 46, "content_type": 12, "object_pk": "1", "user": 3}}, {"model": "guardian.userobjectpermission", "pk": 30, "fields": {"permission": 48, "content_type": 12, "object_pk": "1", "user": 3}}, {"model": "guardian.userobjectpermission", "pk": 31, "fields": {"permission": 46, "content_type": 12, "object_pk": "1", "user": 4}}, {"model": "guardian.userobjectpermission", "pk": 32, "fields": {"permission": 48, "content_type": 12, "object_pk": "1", "user": 4}}, {"model": "guardian.userobjectpermission", "pk": 33, "fields": {"permission": 46, "content_type": 12, "object_pk": "2", "user": 2}}, {"model": "guardian.userobjectpermission", "pk": 34, "fields": {"permission": 48, "content_type": 12, "object_pk": "2", "user": 2}}, {"model": "guardian.userobjectpermission", "pk": 35, "fields": {"permission": 46, "content_type": 12, "object_pk": "2", "user": 3}}, {"model": "guardian.userobjectpermission", "pk": 36, "fields": {"permission": 48, "content_type": 12, "object_pk": "2", "user": 3}}, {"model": "guardian.userobjectpermission", "pk": 37, "fields": {"permission": 46, "content_type": 12, "object_pk": "2", "user": 4}}, {"model": "guardian.userobjectpermission", "pk": 38, "fields": {"permission": 48, "content_type": 12, "object_pk": "2", "user": 4}}, {"model": "guardian.userobjectpermission", "pk": 39, "fields": {"permission": 52, "content_type": 13, "object_pk": "1", "user": 2}}, {"model": "professors.professor", "pk": 1, "fields": {"name": "Professor Name", "user": 3}}, {"model": "students.student", "pk": 1, "fields": {"user": 2, "name": "Student Name"}}, {"model": "assistants.assistant", "pk": 1, "fields": {"name": "Assistant Name", "user": 4, "courses": [1]}}]